{"cameraMode":{"drawMode":0,"name":"Shaded","section":"Shading Mode"},"sceneLighting":true,"audioPlay":false,"sceneViewState":{"showFog":false,"showMaterialUpdate":false,"showSkybox":true,"showFlares":true,"showImageEffects":true,"showParticleSystems":true},"in2DMode":false,"pivot":{"x":-3.0359137058258058,"y":3.253558874130249,"z":2.3383116722106935},"rotation":{"x":-0.2551828622817993,"y":-0.04436628893017769,"z":0.0117116654291749,"w":-0.9658164978027344},"size":0.8102392554283142,"orthographic":false}